Workbook

Sheet Dati_Grezzi
A1: EmployeeID | B1: Age | C1: Gender | D1: Department | E1: JobRole | F1: MonthlyIncome | G1: OverTime | H1: YearsAtCompany | I1: YearsWithCurrManager | J1: JobSatisfaction | K1: EnvironmentSatisfaction | L1: WorkLifeBalance | M1: Attrition | N1: AttritionNum
A2: 1001 | B2: 23 | C2: Female | D2: Human Resources | E2: Human Resources | F2: 5526 | G2: Yes | H2: 17 | I2: 1 | J2: 4 | K2: 1 | L2: 1 | M2: Yes | N2: 1
A3: 1002 | B3: 23 | C3: Male | D3: Sales | E3: Manager | F3: 6821 | G3: No | H3: 17 | I3: 6 | J3: 2 | K3: 4 | L3: 3 | M3: No | N3: 0
A4: 1003 | B4: 49 | C4: Female | D4: Sales | E4: Sales Executive | F4: 5818 | G4: No | H4: 3 | I4: 1 | J4: 4 | K4: 1 | L4: 3 | M4: No | N4: 0
A5: 1004 | B5: 24 | C5: Female | D5: Human Resources | E5: Manager | F5: 6528 | G5: No | H5: 12 | I5: 1 | J5: 3 | K5: 3 | L5: 2 | M5: No | N5: 0
A6: 1005 | B6: 36 | C6: Female | D6: Sales | E6: Manager | F6: 8936 | G6: No | H6: 12 | I6: 4 | J6: 4 | K6: 3 | L6: 2 | M6: No | N6: 0
A7: 1006 | B7: 39 | C7: Male | D7: Sales | E7: Manager | F7: 5726 | G7: No | H7: 5 | I7: 5 | J7: 2 | K7: 2 | L7: 4 | M7: No | N7: 0
A8: 1007 | B8: 42 | C8: Male | D8: Human Resources | E8: Human Resources | F8: 5550 | G8: No | H8: 8 | I8: 1 | J8: 2 | K8: 3 | L8: 2 | M8: No | N8: 0
A9: 1008 | B9: 31 | C9: Female | D9: Research & Development | E9: Manufacturing Director | F9: 6879 | G9: Yes | H9: 17 | I9: 8 | J9: 3 | K9: 4 | L9: 4 | M9: No | N9: 0
A10: 1009 | B10: 53 | C10: Male | D10: Sales | E10: Manager | F10: 6108 | G10: Yes | H10: 5 | I10: 5 | J10: 4 | K10: 1 | L10: 4 | M10: No | N10: 0
A11: 1010 | B11: 57 | C11: Male | D11: Research & Development | E11: Healthcare Representative | F11: 3521 | G11: No | H11: 3 | I11: 3 | J11: 3 | K11: 3 | L11: 1 | M11: No | N11: 0
A12: 1011 | B12: 22 | C12: Female | D12: Sales | E12: Sales Representative | F12: 8501 | G12: No | H12: 3 | I12: 3 | J12: 3 | K12: 2 | L12: 2 | M12: No | N12: 0
A13: 1012 | B13: 55 | C13: Male | D13: Sales | E13: Manager | F13: 5553 | G13: No | H13: 15 | I13: 0 | J13: 1 | K13: 3 | L13: 3 | M13: Yes | N13: 1
... A71: 1070 | B71: 49 | C71: Female | D71: Sales | E71: Manager | F71: 5993 | G71: No | H71: 15 | I71: 5 | J71: 4 | K71: 3 | L71: 3 | M71: No | N71: 0

Sheet KPI_Summary
A1: METRICHE GLOBALI
A2: Totale dipendenti | B2: =COUNTA(Dati_Grezzi!A2:A71) -> 70
A3: Di cui con Attrition=Yes | B3: =COUNTIF(Dati_Grezzi!M2:M71,"Yes") -> 16
A4: Attrition Rate | B4: =COUNTIF(Dati_Grezzi!M2:M71,"Yes")/COUNTA(Dati_Grezzi!M2:M71) -> 0.22857143
A5: Età media | B5: =AVERAGE(Dati_Grezzi!B2:B71) -> 40.2
A6: Stipendio mensile medio | B6: =AVERAGE(Dati_Grezzi!F2:F71) -> 6018.8571
A7: % dipendenti con Overtime | B7: =COUNTIF(Dati_Grezzi!G2:G71,"Yes")/COUNTA(Dati_Grezzi!G2:G71) -> 0.18571429
A8: Anni medi in azienda | B8: =AVERAGE(Dati_Grezzi!H2:H71) -> 10.328571
A9: Job Satisfaction media | B9: =AVERAGE(Dati_Grezzi!J2:J71) -> 2.4
A11: ATTRITION PER DIPARTIMENTO
A12: Dipartimento | B12: Totale | C12: Attriti | D12: Attrition %
A13: Sales | B13: =COUNTIF(Dati_Grezzi!D2:D71,A13) -> 26 | C13: =COUNTIFS(Dati_Grezzi!D2:D71,A13,Dati_Grezzi!M2:M71,"Yes") -> 4 | D13: =IF(B13=0,0,C13/B13) -> 0.15384615
A14: Research & Development | B14: =COUNTIF(Dati_Grezzi!D2:D71,A14) -> 16 | C14: =COUNTIFS(Dati_Grezzi!D2:D71,A14,Dati_Grezzi!M2:M71,"Yes") -> 2 | D14: =IF(B14=0,0,C14/B14) -> 0.125
A15: Human Resources | B15: =COUNTIF(Dati_Grezzi!D2:D71,A15) -> 28 | C15: =COUNTIFS(Dati_Grezzi!D2:D71,A15,Dati_Grezzi!M2:M71,"Yes") -> 10 | D15: =IF(B15=0,0,C15/B15) -> 0.35714286
A17: ATTRITION PER GENERE
A18: Genere | B18: Totale | C18: Attriti | D18: Attrition %
A19: Male | B19: =COUNTIF(Dati_Grezzi!C2:C71,A19) -> 43 | C19: =COUNTIFS(Dati_Grezzi!C2:C71,A19,Dati_Grezzi!M2:M71,"Yes") -> 10 | D19: =IF(B19=0,0,C19/B19) -> 0.23255814
A20: Female | B20: =COUNTIF(Dati_Grezzi!C2:C71,A20) -> 27 | C20: =COUNTIFS(Dati_Grezzi!C2:C71,A20,Dati_Grezzi!M2:M71,"Yes") -> 6 | D20: =IF(B20=0,0,C20/B20) -> 0.22222222
A22: TREND ATTRITION MENSILE (dati simulati)
A23: Mese | B23: Attrition %
A24: Gen | B24: 0.124
A25: Feb | B25: 0.131
A26: Mar | B26: 0.138
A27: Apr | B27: 0.142
A28: Mag | B28: 0.149
A29: Giu | B29: 0.155
A30: Lug | B30: 0.152
A31: Ago | B31: 0.158
A32: Set | B32: 0.161
A33: Ott | B33: 0.163
A34: Nov | B34: 0.159
A35: Dic | B35: 0.161

Sheet Top_JobRole
A1: ATTRITION PER JOB ROLE
A2: Job Role | B2: Totale | C2: Attriti | D2: Attrition %
A3: Human Resources | B3: =COUNTIF(Dati_Grezzi!E2:E71,A3) -> 11 | C3: =COUNTIFS(Dati_Grezzi!E2:E71,A3,Dati_Grezzi!M2:M71,"Yes") -> 6 | D3: =IF(B3=0,0,C3/B3) -> 0.54545455
A4: Sales Representative | B4: =COUNTIF(Dati_Grezzi!E2:E71,A4) -> 8 | C4: =COUNTIFS(Dati_Grezzi!E2:E71,A4,Dati_Grezzi!M2:M71,"Yes") -> 3 | D4: =IF(B4=0,0,C4/B4) -> 0.375
A5: Healthcare Representative | B5: =COUNTIF(Dati_Grezzi!E2:E71,A5) -> 4 | C5: =COUNTIFS(Dati_Grezzi!E2:E71,A5,Dati_Grezzi!M2:M71,"Yes") -> 1 | D5: =IF(B5=0,0,C5/B5) -> 0.25
A6: Research Scientist | B6: =COUNTIF(Dati_Grezzi!E2:E71,A6) -> 4 | C6: =COUNTIFS(Dati_Grezzi!E2:E71,A6,Dati_Grezzi!M2:M71,"Yes") -> 1 | D6: =IF(B6=0,0,C6/B6) -> 0.25
A7: Manager | B7: =COUNTIF(Dati_Grezzi!E2:E71,A7) -> 30 | C7: =COUNTIFS(Dati_Grezzi!E2:E71,A7,Dati_Grezzi!M2:M71,"Yes") -> 5 | D7: =IF(B7=0,0,C7/B7) -> 0.16666667
A8: Sales Executive | B8: =COUNTIF(Dati_Grezzi!E2:E71,A8) -> 5 | C8: =COUNTIFS(Dati_Grezzi!E2:E71,A8,Dati_Grezzi!M2:M71,"Yes") -> 0 | D8: =IF(B8=0,0,C8/B8) -> 0
A9: Manufacturing Director | B9: =COUNTIF(Dati_Grezzi!E2:E71,A9) -> 5 | C9: =COUNTIFS(Dati_Grezzi!E2:E71,A9,Dati_Grezzi!M2:M71,"Yes") -> 0 | D9: =IF(B9=0,0,C9/B9) -> 0
A10: Laboratory Technician | B10: =COUNTIF(Dati_Grezzi!E2:E71,A10) -> 3 | C10: =COUNTIFS(Dati_Grezzi!E2:E71,A10,Dati_Grezzi!M2:M71,"Yes") -> 0 | D10: =IF(B10=0,0,C10/B10) -> 0

Sheet Istruzioni_Esercizio
A1: ESERCIZIO — Executive HR Dashboard
A2: Dataset: IBM HR Analytics | Tempo: 45 minuti
A4: 1 | B4: Esplora i Dati Grezzi (foglio Dati_Grezzi)
B5: • Quanti dipendenti totali? Quanti con Attrition=Yes?
B6: • Nota le colonne disponibili: età, stipendio, dipartimento, soddisfazione
B7: • Osserva il conditional formatting già applicato su AttritionNum
A9: 2 | B9: Analizza i KPI (foglio KPI_Summary)
B10: • Esamina le formule nelle celle colorate: COUNTIF, COUNTIFS, AVERAGEIF
B11: • Osserva il conditional formatting RAG sull'Attrition % per dipartimento
B12: • Identifica il dipartimento con attrition più alta e più bassa
B13: • Guarda il trend mensile: c'è un pattern stagionale?
A15: 3 | B15: Costruisci la Dashboard (nuovo foglio)
B16: • Crea un nuovo foglio chiamato 'Dashboard'
B17: • Aggiungi almeno 3 KPI card: Attrition Rate totale, Stipendio medio, % Overtime
B18: • Inserisci un grafico a barre: Attrition % per Department
B19: • Inserisci la tabella Top JobRole con conditional formatting RAG
B20: • Disponi seguendo lo Z-pattern: KPI in alto, grafici al centro
B21: • Aggiungi titolo, data di aggiornamento (usa =OGGI()), fonte dati
A23: 4 | B23: Test finale (5 min)
B24: • Mostra la dashboard a un collega — trova l'attrition totale in < 5 sec?
B25: • Qual è il dipartimento più critico? Si vede immediatamente?
B26: • Il titolo dice a chi è destinata e quando è aggiornata?
A29: 💡 SUGGERIMENTO: usa i fogli KPI_Summary e Top_JobRole come sorgenti dati per i grafici della dashboard
